ticker,trading_date,evaluation_timestamp,S_t,K,dte,DTE,expiration,window_end,remaining_horizon,n_steps,r,market,model_price,error,early_ex_frac,mean_ex_day
SPY,2022-12-05 09:59:00,2022-12-05 09:59:00,384.21513070706266,400.0,32,32,2023-01-06 00:00:00,2022-12-09 15:59:00,384,384,0.0436,8.8,0.0,-8.8,0.0,384.0
SPY,2022-12-05 10:59:00,2022-12-05 10:59:00,384.2437096367493,400.0,32,32,2023-01-06 00:00:00,2022-12-09 15:59:00,372,372,0.0436,8.8,0.00021616950664365273,-8.799783830493357,0.0,372.0
SPY,2022-12-05 11:59:00,2022-12-05 11:59:00,381.95739526181893,400.0,32,32,2023-01-06 00:00:00,2022-12-09 15:59:00,360,360,0.0436,8.8,0.0002040281973531831,-8.799795971802647,0.0,360.0
SPY,2022-12-05 12:59:00,2022-12-05 12:59:00,381.39534297798207,400.0,32,32,2023-01-06 00:00:00,2022-12-09 15:59:00,348,348,0.0436,8.8,0.0,-8.8,0.0,348.0
SPY,2022-12-05 13:59:00,2022-12-05 13:59:00,380.28085998330215,400.0,32,32,2023-01-06 00:00:00,2022-12-09 15:59:00,336,336,0.0436,8.8,0.0,-8.8,0.0,336.0
SPY,2022-12-05 14:59:00,2022-12-05 14:59:00,380.0382248702627,400.0,32,32,2023-01-06 00:00:00,2022-12-09 15:59:00,324,324,0.0436,8.8,0.0,-8.8,0.0,324.0
SPY,2022-12-05 15:59:00,2022-12-05 15:59:00,380.680869735816,400.0,32,32,2023-01-06 00:00:00,2022-12-09 15:59:00,312,312,0.0436,8.8,0.0,-8.8,0.0,312.0
SPY,2022-12-06 09:59:00,2022-12-06 09:59:00,378.49863485122836,394.0,31,31,2023-01-06 00:00:00,2022-12-09 15:59:00,306,306,0.0437,9.37,0.0,-9.37,0.0,306.0
SPY,2022-12-06 10:59:00,2022-12-06 10:59:00,376.8309881053646,394.0,31,31,2023-01-06 00:00:00,2022-12-09 15:59:00,294,294,0.0437,9.37,0.0,-9.37,0.0,294.0
SPY,2022-12-06 11:59:00,2022-12-06 11:59:00,376.47839993623916,394.0,31,31,2023-01-06 00:00:00,2022-12-09 15:59:00,282,282,0.0437,9.37,0.0,-9.37,0.0,282.0
SPY,2022-12-06 12:59:00,2022-12-06 12:59:00,375.51754952832226,394.0,31,31,2023-01-06 00:00:00,2022-12-09 15:59:00,270,270,0.0437,9.37,0.0,-9.37,0.0,270.0
SPY,2022-12-06 13:59:00,2022-12-06 13:59:00,374.79169437042265,394.0,31,31,2023-01-06 00:00:00,2022-12-09 15:59:00,258,258,0.0437,9.37,0.0,-9.37,0.0,258.0
SPY,2022-12-06 14:59:00,2022-12-06 14:59:00,374.01981216233713,394.0,31,31,2023-01-06 00:00:00,2022-12-09 15:59:00,246,246,0.0437,9.37,0.0,-9.37,0.0,246.0
SPY,2022-12-06 15:59:00,2022-12-06 15:59:00,375.32534132909905,394.0,31,31,2023-01-06 00:00:00,2022-12-09 15:59:00,234,234,0.0437,9.37,0.0,-9.37,0.0,234.0
SPY,2022-12-07 09:59:00,2022-12-07 09:59:00,374.9054075697927,393.0,30,30,2023-01-06 00:00:00,2022-12-09 15:59:00,228,228,0.0429,9.52,0.0,-9.52,0.0,228.0
SPY,2022-12-07 10:59:00,2022-12-07 10:59:00,377.0394345829949,393.0,30,30,2023-01-06 00:00:00,2022-12-09 15:59:00,216,216,0.0429,9.52,0.0009122518202108288,-9.519087748179789,0.0,216.0
SPY,2022-12-07 11:59:00,2022-12-07 11:59:00,375.44941266707605,393.0,30,30,2023-01-06 00:00:00,2022-12-09 15:59:00,204,204,0.0429,9.52,0.0,-9.52,0.0,204.0
SPY,2022-12-07 12:59:00,2022-12-07 12:59:00,375.7548190374805,393.0,30,30,2023-01-06 00:00:00,2022-12-09 15:59:00,192,192,0.0429,9.52,0.0,-9.52,0.0,192.0
SPY,2022-12-07 13:59:00,2022-12-07 13:59:00,375.1177604367148,393.0,30,30,2023-01-06 00:00:00,2022-12-09 15:59:00,180,180,0.0429,9.52,0.0,-9.52,0.0,180.0
SPY,2022-12-07 14:59:00,2022-12-07 14:59:00,375.0008470605443,393.0,30,30,2023-01-06 00:00:00,2022-12-09 15:59:00,168,168,0.0429,9.52,0.0,-9.52,0.0,168.0
SPY,2022-12-07 15:59:00,2022-12-07 15:59:00,375.22035788927246,393.0,30,30,2023-01-06 00:00:00,2022-12-09 15:59:00,156,156,0.0429,9.52,0.0,-9.52,0.0,156.0
SPY,2022-12-08 09:59:00,2022-12-08 09:59:00,376.34126933815696,396.0,29,29,2023-01-06 00:00:00,2022-12-09 15:59:00,150,150,0.0428,9.06,0.0,-9.06,0.0,150.0
SPY,2022-12-08 10:59:00,2022-12-08 10:59:00,376.7667407262547,396.0,29,29,2023-01-06 00:00:00,2022-12-09 15:59:00,138,138,0.0428,9.06,0.0,-9.06,0.0,138.0
SPY,2022-12-08 11:59:00,2022-12-08 11:59:00,376.3009925199934,396.0,29,29,2023-01-06 00:00:00,2022-12-09 15:59:00,126,126,0.0428,9.06,0.0,-9.06,0.0,126.0
SPY,2022-12-08 12:59:00,2022-12-08 12:59:00,376.0182948528849,396.0,29,29,2023-01-06 00:00:00,2022-12-09 15:59:00,114,114,0.0428,9.06,0.0,-9.06,0.0,114.0
SPY,2022-12-08 13:59:00,2022-12-08 13:59:00,376.6167475755947,396.0,29,29,2023-01-06 00:00:00,2022-12-09 15:59:00,102,102,0.0428,9.06,0.0,-9.06,0.0,102.0
SPY,2022-12-08 14:59:00,2022-12-08 14:59:00,375.7238181163137,396.0,29,29,2023-01-06 00:00:00,2022-12-09 15:59:00,90,90,0.0428,9.06,0.0,-9.06,0.0,90.0
SPY,2022-12-08 15:59:00,2022-12-08 15:59:00,376.3697670868574,396.0,29,29,2023-01-06 00:00:00,2022-12-09 15:59:00,78,78,0.0428,9.06,0.0,-9.06,0.0,78.0
SPY,2022-12-09 09:59:00,2022-12-09 09:59:00,376.8102362587212,393.0,28,28,2023-01-06 00:00:00,2022-12-09 15:59:00,72,72,0.0431,9.04,0.0,-9.04,0.0,72.0
SPY,2022-12-09 10:59:00,2022-12-09 10:59:00,378.11421924805904,393.0,28,28,2023-01-06 00:00:00,2022-12-09 15:59:00,60,60,0.0431,9.04,0.0,-9.04,0.0,60.0
SPY,2022-12-09 11:59:00,2022-12-09 11:59:00,378.3502596884071,393.0,28,28,2023-01-06 00:00:00,2022-12-09 15:59:00,48,48,0.0431,9.04,0.0,-9.04,0.0,48.0
SPY,2022-12-09 12:59:00,2022-12-09 12:59:00,377.58853176473417,393.0,28,28,2023-01-06 00:00:00,2022-12-09 15:59:00,36,36,0.0431,9.04,0.0,-9.04,0.0,36.0
SPY,2022-12-09 13:59:00,2022-12-09 13:59:00,377.04132546756534,393.0,28,28,2023-01-06 00:00:00,2022-12-09 15:59:00,24,24,0.0431,9.04,0.0,-9.04,0.0,24.0
SPY,2022-12-09 14:59:00,2022-12-09 14:59:00,376.9124982324744,393.0,28,28,2023-01-06 00:00:00,2022-12-09 15:59:00,12,12,0.0431,9.04,0.0,-9.04,0.0,12.0
